algorithm,dataset,n,k,d,i,ari,nmi,ci_sphere,ci_ellipsoid,ci_ellipsoid_norm,ci_mixture,ci_mixture_norm,mirkins_index,huberts_index,varinfo,vmeasure,obj,t
gmm_ms,fashion_mnist,10000,10,784,3,0.2834996422979442,0.4778125278627536,4,9,9,9,9,0.16152075207520752,0.676958495849585,2.265962519116271,0.4778125278627535,1476.7088616772464,10402.704334811
gmm_rs,fashion_mnist,10000,10,784,3,0.2625799339572135,0.45820008074849644,4,9,9,9,9,0.1739845784578458,0.6520308430843085,2.2914791647615056,0.4582000807484963,1448.4847555243114,3281.806256574
gmm_hg,fashion_mnist,10000,10,784,3,0.25527477139315735,0.4284707678629407,3,9,9,9,9,0.19486808680868087,0.6102638263826383,2.4036959527531776,0.4284707678629405,1646.073568794652,6751.492735189
gmm_shrunk,fashion_mnist,10000,10,784,3,0.3195242930957927,0.4938481619678158,3,9,9,9,9,0.15707734773477347,0.685845304530453,2.18634075034261,0.4938481619678158,119.61947037392673,42.555502492
gmm_ms_shrunk,fashion_mnist,10000,10,784,3,0.3911261748988288,0.5424860449455566,3,9,9,9,9,0.12666852685268526,0.7466629462946295,2.0308866336403217,0.5424860449455565,139.56300968951882,10966.805492981
gmm_rs_shrunk,fashion_mnist,10000,10,784,3,0.3195242930957927,0.4938481619678158,3,9,9,9,9,0.15707734773477347,0.685845304530453,2.18634075034261,0.4938481619678158,119.61947037392673,4405.934397839
gmm_hg_shrunk,fashion_mnist,10000,10,784,3,0.3667207747449217,0.5130352853594623,3,9,9,9,9,0.13705494549454947,0.7258901090109011,2.13807615922458,0.5130352853594622,132.9695168483998,7981.389463127
