algorithm,dataset,n,k,d,i,ari,nmi,ci_sphere,ci_ellipsoid,ci_ellipsoid_norm,ci_mixture,ci_mixture_norm,mirkins_index,huberts_index,varinfo,vmeasure,obj,t
gmm_ms,fashion_mnist,10000,10,784,7,0.2952312542208101,0.5088838781867209,3,9,9,9,9,0.1718000800080008,0.6563998399839984,2.095855156355223,0.5088838781867207,1454.2920617541267,9198.908634727
gmm_rs,fashion_mnist,10000,10,784,7,0.30089463990314197,0.47344843554617233,3,9,9,9,9,0.17706656665666567,0.6458668666866687,2.205456585221758,0.4734484355461723,1312.4503915175644,3479.237573723
gmm_hg,fashion_mnist,10000,10,784,7,0.23134409659768068,0.4205730106277901,4,9,9,9,9,0.2104979697969797,0.5790040604060406,2.414366870015874,0.42057301062779007,1631.5703026962901,7309.507151411
gmm_shrunk,fashion_mnist,10000,10,784,7,0.36654664816384613,0.524657668383184,3,9,9,9,9,0.13776559655965598,0.724468806880688,2.0881179360371567,0.524657668383184,135.79455537503372,73.464321778
gmm_ms_shrunk,fashion_mnist,10000,10,784,7,0.38252885592816893,0.546064545951339,4,9,9,9,9,0.1317055505550555,0.736588898889889,2.0009380883412167,0.5460645459513389,139.92839377004532,10616.432049886
gmm_rs_shrunk,fashion_mnist,10000,10,784,7,0.36654664816384613,0.524657668383184,3,9,9,9,9,0.13776559655965598,0.724468806880688,2.0881179360371567,0.524657668383184,135.79455537503372,3740.312863848
gmm_hg_shrunk,fashion_mnist,10000,10,784,7,0.36505251488221535,0.49920843819203536,3,9,9,9,9,0.13066242624262425,0.7386751475147515,2.2293873203306473,0.4992084381920352,137.46811908730035,8336.043173542
