algorithm,dataset,n,k,d,i,ari,nmi,ci_sphere,ci_ellipsoid,ci_ellipsoid_norm,ci_mixture,ci_mixture_norm,mirkins_index,huberts_index,varinfo,vmeasure,obj,t
gmm_ms,fashion_mnist,10000,10,784,2,0.29507626385548613,0.45550679066954586,4,9,9,9,9,0.1461153515351535,0.7077692969296929,2.4186619488911396,0.45550679066954575,1436.5610663343734,9539.821205395
gmm_rs,fashion_mnist,10000,10,784,2,0.2669140787684909,0.4575739547824628,5,9,9,9,9,0.17328798879887988,0.6534240224022402,2.294537756352342,0.4575739547824628,1381.7170834803264,5557.085803471
gmm_hg,fashion_mnist,10000,10,784,2,0.24634995518399289,0.4260853945655293,4,9,9,9,9,0.20597443744374438,0.5880511251125112,2.3965138005662125,0.4260853945655292,1672.9241931804634,6291.195787368
gmm_shrunk,fashion_mnist,10000,10,784,2,0.31380995393328665,0.5043454783441874,3,9,9,9,9,0.14902068206820682,0.7019586358635863,2.1780462751320515,0.5043454783441873,128.30316818862718,47.35770916
gmm_ms_shrunk,fashion_mnist,10000,10,784,2,0.3662496875781751,0.5097114516680272,4,9,9,9,9,0.12824500450045004,0.7435099909990999,2.1921725553980322,0.5097114516680272,148.11774866248575,8936.893814533
gmm_rs_shrunk,fashion_mnist,10000,10,784,2,0.31380995393328665,0.5043454783441874,3,9,9,9,9,0.14902068206820682,0.7019586358635863,2.1780462751320515,0.5043454783441873,128.30316818862718,5166.211503252
gmm_hg_shrunk,fashion_mnist,10000,10,784,2,0.3544021387259681,0.4999820678451056,3,9,9,9,9,0.13553737373737373,0.7289252525252525,2.216053895338677,0.4999820678451055,131.7119737715014,8663.975229002
