algorithm,dataset,n,k,d,i,ari,nmi,ci_sphere,ci_ellipsoid,ci_ellipsoid_norm,ci_mixture,ci_mixture_norm,mirkins_index,huberts_index,varinfo,vmeasure,obj,t
gmm_ms,fashion_mnist,10000,10,784,8,0.28298008773849065,0.4575299948955954,2,9,9,9,9,0.15737229722972298,0.6852554055405541,2.3601180754490825,0.4575299948955953,1399.3414613331506,11062.838208095
gmm_rs,fashion_mnist,10000,10,784,8,0.20273497295796208,0.41615402251524775,4,9,9,9,9,0.23847592759275926,0.5230481448144815,2.333460315976268,0.41615402251524763,1346.929185761157,2326.183790776
gmm_hg,fashion_mnist,10000,10,784,8,0.26296677232593607,0.42697111204394356,4,9,9,9,9,0.19056113611361136,0.6188777277727773,2.406818087666218,0.4269711120439436,1648.3701457185366,7300.492256497
gmm_shrunk,fashion_mnist,10000,10,784,8,0.28837702708962987,0.47537444675613183,5,9,9,9,9,0.1783007900790079,0.6433984198419842,2.207146717977589,0.47537444675613183,110.37177410440943,74.156758242
gmm_ms_shrunk,fashion_mnist,10000,10,784,8,0.38264648862907563,0.5308556101202397,2,9,9,9,9,0.13051007100710071,0.7389798579857986,2.0729860392581836,0.5308556101202396,142.51556925532978,10287.157923496
gmm_rs_shrunk,fashion_mnist,10000,10,784,8,0.28837702708962987,0.47537444675613183,5,9,9,9,9,0.1783007900790079,0.6433984198419842,2.207146717977589,0.47537444675613183,110.37177410440943,4415.452799792
gmm_hg_shrunk,fashion_mnist,10000,10,784,8,0.3555761913337883,0.5079911125296095,3,9,9,9,9,0.138375797579758,0.723248404840484,2.166285003128086,0.5079911125296093,134.50312119634387,8358.912233802
