algorithm,dataset,n,k,d,i,ari,nmi,ci_sphere,ci_ellipsoid,ci_ellipsoid_norm,ci_mixture,ci_mixture_norm,mirkins_index,huberts_index,varinfo,vmeasure,obj,t
gmm_ms,fashion_mnist,10000,10,784,4,0.2741436278498628,0.45260592554841556,3,9,9,9,9,0.1604107810781078,0.6791784378437844,2.3899822110194084,0.4526059255484155,1411.4361700611908,9154.331429168
gmm_rs,fashion_mnist,10000,10,784,4,0.3078668317905626,0.4959929090247498,4,9,9,9,9,0.15927608760876089,0.6814478247824782,2.1564384454015473,0.49599290902474963,1526.824999290751,2543.343883905
gmm_hg,fashion_mnist,10000,10,784,4,0.24970364523107744,0.42986482280925586,3,9,9,9,9,0.1813991199119912,0.6372017601760176,2.449445556698407,0.42986482280925575,1638.6020798197967,7260.81269873
gmm_shrunk,fashion_mnist,10000,10,784,4,0.31183525487401087,0.4884267705856983,4,9,9,9,9,0.15798991899189918,0.6840201620162016,2.1977784862001233,0.48842677058569817,110.58102673259332,141.128395548
gmm_ms_shrunk,fashion_mnist,10000,10,784,4,0.37270965981104204,0.526574708475077,4,9,9,9,9,0.1332042204220422,0.7335915591559156,2.087836527129805,0.5265747084750769,140.8281157599965,9084.275731541
gmm_rs_shrunk,fashion_mnist,10000,10,784,4,0.31183525487401087,0.4884267705856983,4,9,9,9,9,0.15798991899189918,0.6840201620162016,2.1977784862001233,0.48842677058569817,110.58102673259332,9337.143050868
gmm_hg_shrunk,fashion_mnist,10000,10,784,4,0.3513949181287732,0.497313361241628,2,9,9,9,9,0.13414489448944894,0.7317102110211021,2.236590820822103,0.49731336124162806,136.29931513610305,8382.746699244
