algorithm,dataset,n,k,d,i,ari,nmi,ci_sphere,ci_ellipsoid,ci_ellipsoid_norm,ci_mixture,ci_mixture_norm,mirkins_index,huberts_index,varinfo,vmeasure,obj,t
gmm_ms,fashion_mnist,10000,10,784,6,0.293500323554311,0.47677895040612656,4,9,9,9,9,0.15702014201420142,0.6859597159715971,2.2946992820452192,0.4767789504061265,1432.1307031877898,11628.910945637
gmm_rs,fashion_mnist,10000,10,784,6,0.2894844643293491,0.4590435715334303,4,9,9,9,9,0.1657831583158316,0.6684336833683369,2.294535513648257,0.4590435715334302,1462.0966389534663,2779.662544333
gmm_hg,fashion_mnist,10000,10,784,6,0.25901326647643064,0.42831583575392895,4,9,9,9,9,0.1902114811481148,0.6195770377037704,2.416296708478998,0.42831583575392884,1702.8764504852838,6660.221665231
gmm_shrunk,fashion_mnist,10000,10,784,6,0.3000100546370903,0.4660945738701645,5,9,9,9,9,0.17546260626062607,0.6490747874787479,2.2344439410792383,0.46609457387016445,103.61901063100973,59.218305375
gmm_ms_shrunk,fashion_mnist,10000,10,784,6,0.3967220713506568,0.5519115902408199,4,9,9,9,9,0.13017169716971697,0.739656605660566,1.9688184265433284,0.55191159024082,138.04341815745747,8601.248567717
gmm_rs_shrunk,fashion_mnist,10000,10,784,6,0.3000100546370903,0.4660945738701645,5,9,9,9,9,0.17546260626062607,0.6490747874787479,2.2344439410792383,0.46609457387016445,103.61901063100973,5066.54074021
gmm_hg_shrunk,fashion_mnist,10000,10,784,6,0.3649097038607564,0.5151083634149215,4,9,9,9,9,0.13278177817781778,0.7344364436443644,2.149274294601425,0.5151083634149215,134.00586552553528,7079.398491946
