algorithm,dataset,n,k,d,i,ari,nmi,ci_sphere,ci_ellipsoid,ci_ellipsoid_norm,ci_mixture,ci_mixture_norm,mirkins_index,huberts_index,varinfo,vmeasure,obj,t
gmm_ms,fashion_mnist,10000,10,784,10,0.3125585506819122,0.46802343312983957,3,9,9,9,9,0.14303726372637263,0.7139254725472547,2.356219021291449,0.46802343312983946,1431.494685866974,9793.671220764
gmm_rs,fashion_mnist,10000,10,784,10,0.27121166593446244,0.4560327631953406,3,9,9,9,9,0.1805018101810181,0.6389963796379639,2.2902113507836104,0.4560327631953405,1279.0236022088172,2140.582598371
gmm_hg,fashion_mnist,10000,10,784,10,0.2579040210413419,0.4337434503818696,5,9,9,9,9,0.18453175317531753,0.6309364936493649,2.41907891353376,0.4337434503818695,1683.1695570189468,6905.079585302
gmm_shrunk,fashion_mnist,10000,10,784,10,0.33544472385712426,0.48749699980639477,4,9,9,9,9,0.14428268826882687,0.7114346234623462,2.252365143052436,0.4874969998063947,115.06479231648254,60.496777177
gmm_ms_shrunk,fashion_mnist,10000,10,784,10,0.38151903845015483,0.5348866725516285,4,9,9,9,9,0.13235837583758375,0.7352832483248325,2.0518384952437443,0.5348866725516285,139.5345147352691,8596.034990269
gmm_rs_shrunk,fashion_mnist,10000,10,784,10,0.33544472385712426,0.48749699980639477,4,9,9,9,9,0.14428268826882687,0.7114346234623462,2.252365143052436,0.4874969998063947,115.06479231648254,3312.559610716
gmm_hg_shrunk,fashion_mnist,10000,10,784,10,0.38151903845015483,0.5348866725516285,4,9,9,9,9,0.13235837583758375,0.7352832483248325,2.0518384952437443,0.5348866725516285,139.5345147352691,7416.004847516
