algorithm,dataset,n,k,d,i,ari,nmi,ci_sphere,ci_ellipsoid,ci_ellipsoid_norm,ci_mixture,ci_mixture_norm,mirkins_index,huberts_index,varinfo,vmeasure,obj,t
gmm_ms,fashion_mnist,10000,10,784,1,0.3500309919182296,0.508637536592225,3,9,9,9,9,0.14558749874987498,0.70882500250025,2.1251605907931546,0.5086375365922248,1438.5571451156995,9398.162445709
gmm_rs,fashion_mnist,10000,10,784,1,0.2777359163895865,0.46930575836333427,4,9,9,9,9,0.18394859485948595,0.6321028102810281,2.2072987232382135,0.46930575836333416,1327.5766632431717,2470.607863272
gmm_hg,fashion_mnist,10000,10,784,1,0.256842721246249,0.4442714018800288,4,9,9,9,9,0.19415093509350936,0.6116981298129813,2.33601518188044,0.4442714018800286,1623.2427582350556,8272.561013224
gmm_shrunk,fashion_mnist,10000,10,784,1,0.30499339270890435,0.467997586633919,4,9,9,9,9,0.14218003800380039,0.7156399239923993,2.362465579931448,0.4679975866339188,116.32450571381636,14.249387365
gmm_ms_shrunk,fashion_mnist,10000,10,784,1,0.3590845503399755,0.5069805935469006,2,9,9,9,9,0.13517197719771978,0.7296560456045604,2.180567046009728,0.5069805935469006,137.23278596430342,8807.237639067
gmm_rs_shrunk,fashion_mnist,10000,10,784,1,0.30499339270890435,0.467997586633919,4,9,9,9,9,0.14218003800380039,0.7156399239923993,2.362465579931448,0.4679975866339188,116.32450571381636,7164.946987387
gmm_hg_shrunk,fashion_mnist,10000,10,784,1,0.3590845503399755,0.5069805935469006,2,9,9,9,9,0.13517197719771978,0.7296560456045604,2.180567046009728,0.5069805935469006,137.23278596430342,8629.538324995
